Product Image link, Product Page
https://5.imimg.com/data5/SELLER/Default/2022/4/AS/QV/BD/28116734/hospital-gas-valve-box-500x500.jpg,https://www.indiamart.com/proddetail/3-gases-zonal-valve-box-20896540773.html?srsltid=AfmBOorRkj4yiYolh0cgO_1vb_7DuO5S83c2h2LFwzjEU3Vt0nWsmiVJ
https://www.hampdon.com.au/assets/full/500020-5m.jpg?20210309031557,https://www.hampdon.com.au/5m-welding-cable-35mm-2-gauge-solar-car-battery?srsltid=AfmBOorhkzZG8OiXN3N0MbX5EtFt-2x_-azpGGJy1linKOUq1B_fom7f
https://i.ebayimg.com/images/g/RcEAAOSw5-dkIVoS/s-l400.jpg,https://www.ebay.com/itm/284847993392
https://www.vector-welding.com/media/image/product/622/md/ground-cable-with-crocodile-earth-clamp-200a-300a-3m-5m.jpg,https://www.b2b.vector-welding.com/Ground-cable-with-Crocodile-Earth-Clamp-200A-300A-3m-5m
https://www.fraisertools.com/media/catalog/product/cache/4c5dddf4e932aa20c836961c45291b72/e/n/endurance-tornado-main-con-pcd-targhetta.jpg?auto=webp&format=pjpg&width=840&height=300&fit=cover,https://www.fraisertools.com/en/face-milling-bit-shank-8mm-diameter-35mm-tornador.html?srsltid=AfmBOoq99DFv7mrDxd1dVREHxj0KQbcxYdOI9t9uKWootToQaHD3XvjF
https://encrypted-tbn0.gstatic.com/images?q=tbn:ANd9GcQdLbsGUS_b-JqbGWzKwcHWxmpgkc6N-npETQ&s,https://techsouthproducts.com/products/outlet-1-1-2-inch-purge-cap?srsltid=AfmBOooP-Yw3qxoFyrdo8QL_bXxLQvh4hrpfvW6yeBjQVLQjTAjrL1EL
https://techsouthproducts.com/cdn/shop/products/HalfPurgeSS_1200x1200.jpg?v=1565715554,https://techsouthproducts.com/products/input-purge-cap-1-2-inch-tube?srsltid=AfmBOorCwfuRzsSgYhrt6XPSRT5o8_GNAY9NlRFpmHfqPhK6aDrdHiEy
https://techsouthproducts.com/cdn/shop/files/1.4_300x300.png?v=1695605610,https://techsouthproducts.com/products/input-and-outlet-1-4-inch-purge-cap?srsltid=AfmBOopozUtytOrIvOt-eZC_9C8eFAEQB8kfwYlNnVy-Dwnkdmbkak-S
https://encrypted-tbn0.gstatic.com/images?q=tbn:ANd9GcQk3xwU6Olvsin4W2ajfCCxqW9ku1Zd0TqQCw&s,https://techsouthproducts.com/products/input-and-outlet-3-4-inch-purge-cap?srsltid=AfmBOop84p6FcAYA5XEN_3VNOohCz4nvQMaqQuOcyHzDMFRTOx8p6RtH
https://techsouthproducts.com/cdn/shop/files/1.4_5264e189-53ac-4b4f-822d-36458b5d5c0e_300x300.png?v=1695605913,https://techsouthproducts.com/products/input-and-outlet-3-8-inch-purge-cap?srsltid=AfmBOorzYOCfooWVGqyOjv-rwoPCV2MelbyxTZpyUp_zon0CSOZDIwek
https://techsouthproducts.com/cdn/shop/files/5.8_580x.png?v=1695606589,https://techsouthproducts.com/products/input-and-outlet-5-8-inch-purge-cap?srsltid=AfmBOoofff04vxpFNPLxpDlynK5sGD28Zg5dQ9dTIv9Tp91nQ4lEE7KJ
https://techsouthproducts.com/cdn/shop/products/kitppt_1200x1200.jpg?v=1567618023,https://techsouthproducts.com/products/purge-plug-kit-1-4-inch-for-tube?srsltid=AfmBOoqQh6jJRj2soU_bRkpXwgVmAfDk8HZfwj1NBHfIq-GlcjoWW0ZM
https://ehwachs.com/assets/images/601018fdf2ab7fc0fad3426197e955d5.jpg,https://orbitalum.us/RPG-1.5-Cordless-Tube-Squaring-Machine/
https://berqwp-cdn.sfo3.cdn.digitaloceanspaces.com/cache/www.techsouthinc.com/wp-content/uploads/2021/06/square-devil-2.0-png.webp,https://www.techsouthinc.com/facing-squaring/
https://img.directindustry.com/images_di/photo-m2/8487-17731019.jpg,https://www.directindustry.com/industrial-manufacturer/j-bevel-chamfering-machine-257598.html
https://www.amardeepsteel.com/images/schedule-40-steel-pipe-images.webp,https://www.amardeepsteel.com/schedule-40-steel-pipe.html
https://encrypted-tbn0.gstatic.com/images?q=tbn:ANd9GcS7bVpDeruX2pVHZGq9s0l03UmBlqOCdMSwLg&s,https://www.morganitech.com/industrial-tools/ami-9-series-weld-heads/
https://ae01.alicdn.com/kf/HTB1.3ZcV4YaK1RjSZFnq6y80pXaO.jpg_960x960.jpg,https://ar.aliexpress.com/item/33018462237.html?gatewayAdapt=glo2ara
https://store.tritool.com/cdn/shop/files/847-1725_Surefire_Shopify_Thumbnails-Surefire4-248x248_1a3780bb-bafd-49ad-b6dc-691604fdf4cc.png?v=1698079369,https://store.tritool.com/products/2-5-schedule-10-pad-set-for-surefire-4?srsltid=AfmBOoqI2bT-VGuzHPX9QEhAhogRTQgqOQlphvg-qGCgeUqJbmmiCShb
https://i.ebayimg.com/images/g/vzsAAOSwHQ9WbGmM/s-l1200.jpg,https://www.ebay.com/itm/252435777512
